{
	 "rootnode": {
		 "name": "RootNode"
		,"transformation": [
			 1
			,0
			,0
			,0
			,0
			,1
			,0
			,0
			,0
			,0
			,1
			,0
			,0
			,0
			,0
			,1
		]
		,"children": [
			{
				 "name": "Cube.002"
				,"transformation": [
					 100
					,0
					,0
					,0
					,0
					,-1.62921e-005
					,100
					,0
					,0
					,-100
					,-1.62921e-005
					,-69.6814
					,0
					,0
					,0
					,1
				]
				,"meshes": [
					 0
				]
			}
		]
	}
	,"flags": 8
	,"meshes": [
		{
			 "name": "Cube.002"
			,"materialindex": 0
			,"primitivetypes": 4
			,"vertices": [
				 -1
				,0.333334
				,-1
				,-1
				,0.333333
				,1
				,-1
				,1
				,1
				,-1
				,1
				,-1
				,1
				,0.999999
				,1
				,1
				,1
				,-1
				,-1
				,1
				,-1
				,-1
				,1
				,1
				,1
				,1
				,-1
				,1
				,0.999999
				,1
				,1
				,0.333333
				,1
				,1
				,0.333333
				,-1
				,1
				,0.999999
				,1
				,-1
				,1
				,1
				,-1
				,0.333333
				,1
				,1
				,0.333333
				,1
				,1
				,1
				,-1
				,1
				,0.333333
				,-1
				,-1
				,0.333334
				,-1
				,-1
				,1
				,-1
				,-1
				,0.333334
				,-1
				,1
				,0.333333
				,-1
				,1
				,0.333333
				,1
				,-1
				,0.333333
				,1
				,1
				,-1.70178
				,-1
				,1
				,-2.36844
				,-1
				,-1
				,-2.36844
				,-1
				,-1
				,-1.70177
				,-1
				,1
				,-1.70178
				,1
				,-1
				,-1.70177
				,1
				,-1
				,-2.36844
				,1
				,0.999999
				,-2.36844
				,1
				,1
				,-1.70178
				,-1
				,1
				,-1.70178
				,1
				,0.999999
				,-2.36844
				,1
				,1
				,-2.36844
				,-1
				,1
				,-2.36844
				,-1
				,0.999999
				,-2.36844
				,1
				,-1
				,-2.36844
				,1
				,-1
				,-2.36844
				,-1
				,-1
				,-2.36844
				,-1
				,-1
				,-2.36844
				,1
				,-1
				,-1.70177
				,1
				,-1
				,-1.70177
				,-1
				,-1
				,-1.70177
				,-1
				,-1
				,-1.70177
				,1
				,1
				,-1.70178
				,1
				,1
				,-1.70178
				,-1
				,-1
				,-1.03015
				,-1
				,-1
				,-1.03015
				,1
				,-1
				,-0.36348
				,1
				,-1
				,-0.36348
				,-1
				,1
				,-0.363481
				,-1
				,1
				,-0.363481
				,1
				,1
				,-1.03015
				,1
				,1
				,-1.03015
				,-1
				,1
				,-0.363481
				,1
				,-1
				,-0.36348
				,1
				,-1
				,-1.03015
				,1
				,1
				,-1.03015
				,1
				,1
				,-0.363481
				,-1
				,1
				,-1.03015
				,-1
				,-1
				,-1.03015
				,-1
				,-1
				,-0.36348
				,-1
				,-1
				,-1.03015
				,-1
				,1
				,-1.03015
				,-1
				,1
				,-1.03015
				,1
				,-1
				,-1.03015
				,1
				,-1
				,-0.36348
				,-1
				,-1
				,-0.36348
				,1
				,1
				,-0.363481
				,1
				,1
				,-0.363481
				,-1
			]
			,"normals": [
				 -1
				,2.68221e-007
				,-1.63913e-007
				,-1
				,2.68221e-007
				,-1.63913e-007
				,-1
				,2.68221e-007
				,-1.63913e-007
				,-1
				,2.68221e-007
				,-1.63913e-007
				,2.38419e-007
				,1
				,1.63913e-007
				,2.38419e-007
				,1
				,1.63913e-007
				,2.38419e-007
				,1
				,1.63913e-007
				,2.38419e-007
				,1
				,1.63913e-007
				,1
				,-3.57628e-007
				,-1.49012e-007
				,1
				,-3.57628e-007
				,-1.49012e-007
				,1
				,-3.57628e-007
				,-1.49012e-007
				,1
				,-3.57628e-007
				,-1.49012e-007
				,0
				,0
				,1
				,0
				,0
				,1
				,0
				,0
				,1
				,0
				,0
				,1
				,0
				,0
				,-1
				,0
				,0
				,-1
				,0
				,0
				,-1
				,0
				,0
				,-1
				,-2.68221e-007
				,-1
				,-1.93715e-007
				,-2.68221e-007
				,-1
				,-1.93715e-007
				,-2.68221e-007
				,-1
				,-1.93715e-007
				,-2.68221e-007
				,-1
				,-1.93715e-007
				,0
				,0
				,-1
				,0
				,0
				,-1
				,0
				,0
				,-1
				,0
				,0
				,-1
				,0
				,0
				,1
				,0
				,0
				,1
				,0
				,0
				,1
				,0
				,0
				,1
				,1
				,-3.57628e-007
				,2.23517e-007
				,1
				,-3.57628e-007
				,2.23517e-007
				,1
				,-3.57628e-007
				,2.23517e-007
				,1
				,-3.57628e-007
				,2.23517e-007
				,-2.98023e-007
				,-1
				,-3.35667e-007
				,-2.98023e-007
				,-1
				,-3.35667e-007
				,-2.98023e-007
				,-1
				,-3.35667e-007
				,-2.98023e-007
				,-1
				,-3.35667e-007
				,-1
				,1.78814e-007
				,-1.3411e-007
				,-1
				,1.78814e-007
				,-1.3411e-007
				,-1
				,1.78814e-007
				,-1.3411e-007
				,-1
				,1.78814e-007
				,-1.3411e-007
				,3.27826e-007
				,1
				,1.01434e-007
				,3.27826e-007
				,1
				,1.01434e-007
				,3.27826e-007
				,1
				,1.01434e-007
				,3.27826e-007
				,1
				,1.01434e-007
				,-1
				,2.68221e-007
				,-1.63913e-007
				,-1
				,2.68221e-007
				,-1.63913e-007
				,-1
				,2.68221e-007
				,-1.63913e-007
				,-1
				,2.68221e-007
				,-1.63913e-007
				,1
				,-1.78814e-007
				,2.98023e-008
				,1
				,-1.78814e-007
				,2.98023e-008
				,1
				,-1.78814e-007
				,2.98023e-008
				,1
				,-1.78814e-007
				,2.98023e-008
				,0
				,0
				,1
				,0
				,0
				,1
				,0
				,0
				,1
				,0
				,0
				,1
				,0
				,0
				,-1
				,0
				,0
				,-1
				,0
				,0
				,-1
				,0
				,0
				,-1
				,-2.98023e-007
				,-1
				,-1.19209e-007
				,-2.98023e-007
				,-1
				,-1.19209e-007
				,-2.98023e-007
				,-1
				,-1.19209e-007
				,-2.98023e-007
				,-1
				,-1.19209e-007
				,2.68221e-007
				,1
				,1.67981e-007
				,2.68221e-007
				,1
				,1.67981e-007
				,2.68221e-007
				,1
				,1.67981e-007
				,2.68221e-007
				,1
				,1.67981e-007
			]
			,