{
	 "rootnode": {
		 "name": "RootNode"
		,"transformation": [
			 1
			,0
			,0
			,0
			,0
			,1
			,0
			,0
			,0
			,0
			,1
			,0
			,0
			,0
			,0
			,1
		]
		,"children": [
			{
				 "name": "Cube"
				,"transformation": [
					 100
					,0
					,0
					,0
					,0
					,-1.62921e-005
					,100
					,0
					,0
					,-100
					,-1.62921e-005
					,0
					,0
					,0
					,0
					,1
				]
				,"meshes": [
					 0
				]
			}
		]
	}
	,"flags": 8
	,"meshes": [
		{
			 "name": "Cube"
			,"materialindex": 0
			,"primitivetypes": 4
			,"vertices": [
				 1
				,1
				,-1
				,1
				,-1
				,-1
				,-1
				,-1
				,-1
				,-1
				,1
				,-1
				,1
				,0.999999
				,1
				,-1
				,1
				,1
				,-1
				,-1
				,1
				,0.999999
				,-1
				,1
				,1
				,1
				,-1
				,1
				,0.999999
				,1
				,0.999999
				,-1
				,1
				,1
				,-1
				,-1
				,1
				,-1
				,-1
				,0.999999
				,-1
				,1
				,-1
				,-1
				,1
				,-1
				,-1
				,-1
				,-1
				,-1
				,-1
				,-1
				,-1
				,1
				,-1
				,1
				,1
				,-1
				,1
				,-1
				,1
				,0.999999
				,1
				,1
				,1
				,-1
				,-1
				,1
				,-1
				,-1
				,1
				,1
			]
			,"normals": [
				 0
				,0
				,-1
				,0
				,0
				,-1
				,0
				,0
				,-1
				,0
				,0
				,-1
				,2.98023e-008
				,0
				,1
				,2.98023e-008
				,0
				,1
				,2.98023e-008
				,0
				,1
				,2.98023e-008
				,0
				,1
				,1
				,-2.98023e-007
				,4.47034e-008
				,1
				,-2.98023e-007
				,4.47034e-008
				,1
				,-2.98023e-007
				,4.47034e-008
				,1
				,-2.98023e-007
				,4.47034e-008
				,-2.83122e-007
				,-1
				,-1.78814e-007
				,-2.83122e-007
				,-1
				,-1.78814e-007
				,-2.83122e-007
				,-1
				,-1.78814e-007
				,-2.83122e-007
				,-1
				,-1.78814e-007
				,-1
				,2.38419e-007
				,-1.3411e-007
				,-1
				,2.38419e-007
				,-1.3411e-007
				,-1
				,2.38419e-007
				,-1.3411e-007
				,-1
				,2.38419e-007
				,-1.3411e-007
				,2.38419e-007
				,1
				,1.63913e-007
				,2.38419e-007
				,1
				,1.63913e-007
				,2.38419e-007
				,1
				,1.63913e-007
				,2.38419e-007
				,1
				,1.63913e-007
			]
			,"tangents": [
				 -9.74536e-008
				,-1
				,0
				,-1.49226e-007
				,-1
				,0
				,-9.74536e-008
				,-1
				,0
				,-9.74536e-008
				,-1
				,0
				,2.73883e-007
				,1
				,-8.16236e-015
				,4.87268e-007
				,1
				,-1.45217e-014
				,2.73883e-007
				,1
				,-8.16236e-015
				,2.73883e-007
				,1
				,-8.16236e-015
				,4.47034e-008
				,9.74537e-008
				,-1
				,4.47035e-008
				,3.35872e-007
				,-1
				,4.47034e-008
				,9.74537e-008
				,-1
				,4.47034e-008
				,9.74537e-008
				,-1
				,-1
				,2.83122e-007
				,-4.87268e-007
				,-1
				,2.83122e-007
				,-3.89815e-007
				,-1
				,2.83122e-007
				,-4.87268e-007
				,-1
				,2.83122e-007
				,-4.87268e-007
				,1.3411e-007
				,3.55271e-015
				,-1
				,1.3411e-007
				,-8.9407e-008
				,-1
				,1.3411e-007
				,3.55271e-015
				,-1
				,1.3411e-007
				,3.55271e-015
				,-1
				,-1.94907e-007
				,1.63913e-007
				,-1
				,-1.40965e-007
				,1.63913e-007
				,-1
				,-1.94907e-007
				,1.63913e-007
				,-1
				,-1.94907e-007
				,1.63913e-007
				,-1
			]
			,"bitangents": [
				 1
				,-2.08616e-007
				,0
				,1
				,-9.74536e-008
				,0
				,1
				,-2.08616e-007
				,0
				,1
				,-2.08616e-007
				,0
				,1
				,-2.92361e-007
				,-2.98023e-008
				,1
				,-3.65674e-007
				,-2.98023e-008
				,1
				,-2.92361e-007
				,-2.98023e-008
				,1
				,-2.92361e-007
				,-2.98023e-008
				,-2.98023e-007
				,-1
				,-3.89814e-007
				,-2.98023e-007
				,-1
				,-1.94907e-007
				,-2.98023e-007
				,-1
				,-3.89814e-007
				,-2.98023e-007
				,-1
				,-3.89814e-007
				,-4.87268e-007
				,-1.78814e-007
				,1
				,-4.16143e-007
				,-1.78814e-007
				,1
				,-4.87268e-007
				,-1.78814e-007
				,1
				,-4.87268e-007
				,-1.78814e-007
				,1
				,2.38419e-007
				,1
				,-9.74536e-008
				,2.38419e-007
				,1
				,-9.74536e-008
				,2.38419e-007
				,1
				,-9.74536e-008
				,2.38419e-007
				,1
				,-9.74536e-008
				,1
				,-2.38419e-007
				,-9.74536e-008
				,1
				,-2.38419e-007
				,-4.88498e-015
				,1
				,-2.38419e-007
				,-9.74536e-008
				,1
				,-2.38419e-007
				,-9.74536e-008
			]
			,"numuvcomponents": [
				 2
			]
			,"texturecoords": [
				[
					 0.680428
					,0.0137615
					,0.986238
					,0.0137615
					,0.986238
					,0.319572
					,0.680428
					,0.319572
					,0.319572
					,0.347095
					,0.319572
					,0.652905
					,0.0137615
					,0.652905
					,0.0137615
					,0.347095
					,0.652905
					,0.319572
					,0.347095
					,0.319572
					,0.347095
					,0.0137615
					,0.652905
					,0.0137615
					,0.0137615
					,0.319572
					,0.0137615
					,0.0137616
					,0.319572
					,0.0137615
					,0.319572
					,0.319572
					,0.319572
					,0.986239
					,0.0137615
					,0.986239
					,0.0137615
					,0.680428
					,0.319572
					,0.680428
					,0.347095
					,0.347095
					,0.652905
					,0.347095
					,0.652905
					,0.652905
					,0.347095
					,0.652905
				]
			]
			,"faces": [
				[
					 0
					,1
					,2
				]
				,[
					 0
					,2
					,3
				]
				,[
					 4
					,5
					,6
				]
				,[
					 4
					,6
					,7
				]
				,[
					 8
					,9
					,10
				]
				,[
					 8
					,10
					,11
				]
				,[
					 12
					,13
					,14
				]
				,[
					 12
					,14
					,15
				]
				,[
					 16
					,17
					,18
				]
				,[
					 16
					,18
					,19
				]
				,[
					 20
					,21
					,22
				]
				,[
					 20
					,22
					,23
				]
			]
		}
	]
	,"materials": [
		{
			 "properties": [
				{
					 "key": "?mat.name"
					,"semantic": 0
					,"index": 0
					,"type": 3
					,"value": "Material"
				}
				,{
					 "key": "$clr.diffuse"
					,"semantic": 0
					,"index": 0
					,"type": 1
					,"value": [
						 0.64
						,0.64
						,0.64
					]
				}
				,{
					 "key": "$clr.emissive"
					,"semantic": 0
					,"index": 0
					,"type": 1
					,"value": [
						 0
						,0
						,0
					]
				}
				,{
					 "key": "$clr.ambient"
					,"semantic": 0
					,"index": 0
					,"type": 1
					,"value": [
						 0
						,0
						,0
					]
				}
				,{
					 "key": "$clr.specular"
					,"semantic": 0
					,"index": 0
					,"type": 1
					,"value": [
						 0.25
						,0.25
						,0.25
					]
				}
				,{
					 "key": "$mat.shinpercent"
					,"semantic": 0
					,"index": 0
					,"type": 1
					,"value": 9.60784
				}
				,{
					 "key": "$mat.shininess"
					,"semantic": 0
					,"index": 0
					,"type": 1
					,"value": 9.60784
				}
			]
		}
	]
}
