{
	 "rootnode": {
		 "name": "RootNode"
		,"transformation": [
			 1
			,0
			,0
			,0
			,0
			,1
			,0
			,0
			,0
			,0
			,1
			,0
			,0
			,0
			,0
			,1
		]
		,"children": [
			{
				 "name": "Cube.001"
				,"transformation": [
					 100
					,0
					,0
					,0
					,0
					,-1.62921e-005
					,100
					,67.2843
					,0
					,-100
					,-1.62921e-005
					,0
					,0
					,0
					,0
					,1
				]
				,"meshes": [
					 0
				]
			}
		]
	}
	,"flags": 8
	,"meshes": [
		{
			 "name": "Cube.001"
			,"materialindex": 0
			,"primitivetypes": 4
			,"vertices": [
				 1
				,0.999999
				,1
				,-1
				,1
				,1
				,-1
				,-1
				,1
				,0.999999
				,-1
				,1
				,1
				,1
				,0.333333
				,1
				,0.999999
				,1
				,0.999999
				,-1
				,1
				,1
				,-1
				,0.333333
				,1
				,-1
				,0.333333
				,0.999999
				,-1
				,1
				,-1
				,-1
				,1
				,-1
				,-1
				,0.333333
				,-1
				,-1
				,0.333333
				,-1
				,-1
				,1
				,-1
				,1
				,1
				,-1
				,1
				,0.333333
				,1
				,0.999999
				,1
				,1
				,1
				,0.333333
				,-1
				,1
				,0.333333
				,-1
				,1
				,1
				,-1
				,1
				,0.333333
				,1
				,1
				,0.333333
				,1
				,-1
				,0.333333
				,-1
				,-1
				,0.333333
				,1
				,1
				,-2.33738
				,1
				,-1
				,-2.33738
				,-1
				,-1
				,-2.33738
				,-1
				,1
				,-2.33738
				,1
				,1
				,-1.67071
				,1
				,1
				,-2.33738
				,-1
				,1
				,-2.33738
				,-1
				,1
				,-1.67071
				,-1
				,-1
				,-2.33738
				,-1
				,-1
				,-1.67071
				,-1
				,1
				,-1.67071
				,-1
				,1
				,-2.33738
				,1
				,-1
				,-2.33738
				,1
				,-1
				,-1.67071
				,-1
				,-1
				,-1.67071
				,-1
				,-1
				,-2.33738
				,1
				,1
				,-2.33738
				,1
				,1
				,-1.67071
				,1
				,-1
				,-1.67071
				,1
				,-1
				,-2.33738
				,-1
				,1
				,-1.67071
				,-1
				,-1
				,-1.67071
				,1
				,-1
				,-1.67071
				,1
				,1
				,-1.67071
				,1
				,1
				,-0.33951
				,1
				,1
				,-1.00618
				,-1
				,1
				,-1.00618
				,-1
				,1
				,-0.33951
				,-1
				,-1
				,-1.00618
				,-1
				,-1
				,-0.33951
				,-1
				,1
				,-0.33951
				,-1
				,1
				,-1.00618
				,1
				,-1
				,-1.00618
				,1
				,-1
				,-0.33951
				,-1
				,-1
				,-0.33951
				,-1
				,-1
				,-1.00618
				,1
				,1
				,-1.00618
				,1
				,1
				,-0.33951
				,1
				,-1
				,-0.33951
				,1
				,-1
				,-1.00618
				,-1
				,1
				,-1.00618
				,1
				,1
				,-1.00618
				,1
				,-1
				,-1.00618
				,-1
				,-1
				,-1.00618
				,-1
				,1
				,-0.33951
				,-1
				,-1
				,-0.33951
				,1
				,-1
				,-0.33951
				,1
				,1
				,-0.33951
			]
			,"normals": [
				 2.98023e-008
				,0
				,1
				,2.98023e-008
				,0
				,1
				,2.98023e-008
				,0
				,1
				,2.98023e-008
				,0
				,1
				,1
				,-4.91738e-007
				,-4.47036e-008
				,1
				,-4.91738e-007
				,-4.47036e-008
				,1
				,-4.91738e-007
				,-4.47036e-008
				,1
				,-4.91738e-007
				,-4.47036e-008
				,-4.32134e-007
				,-1
				,-8.9407e-008
				,-4.32134e-007
				,-1
				,-8.9407e-008
				,-4.32134e-007
				,-1
				,-8.9407e-008
				,-4.32134e-007
				,-1
				,-8.9407e-008
				,-1
				,1.78814e-007
				,-1.3411e-007
				,-1
				,1.78814e-007
				,-1.3411e-007
				,-1
				,1.78814e-007
				,-1.3411e-007
				,-1
				,1.78814e-007
				,-1.3411e-007
				,2.5332e-007
				,1
				,4.47035e-008
				,2.5332e-007
				,1
				,4.47035e-008
				,2.5332e-007
				,1
				,4.47035e-008
				,2.5332e-007
				,1
				,4.47035e-008
				,-4.96705e-009
				,0
				,-1
				,-4.96705e-009
				,0
				,-1
				,-4.96705e-009
				,0
				,-1
				,-4.96705e-009
				,0
				,-1
				,0
				,0
				,-1
				,0
				,0
				,-1
				,0
				,0
				,-1
				,0
				,0
				,-1
				,2.23517e-007
				,1
				,1.78814e-007
				,2.23517e-007
				,1
				,1.78814e-007
				,2.23517e-007
				,1
				,1.78814e-007
				,2.23517e-007
				,1
				,1.78814e-007
				,-1
				,2.68221e-007
				,-1.78814e-007
				,-1
				,2.68221e-007
				,-1.78814e-007
				,-1
				,2.68221e-007
				,-1.78814e-007
				,-1
				,2.68221e-007
				,-1.78814e-007
				,-1.63913e-007
				,-1
				,-2.68221e-007
				,-1.63913e-007
				,-1
				,-2.68221e-007
				,-1.63913e-007
				,-1
				,-2.68221e-007
				,-1.63913e-007
				,-1
				,-2.68221e-007
				,1
				,-4.47035e-008
				,8.94069e-008
				,1
				,-4.47035e-008
				,8.94069e-008
				,1
				,-4.47035e-008
				,8.94069e-008
				,1
				,-4.47035e-008
				,8.94069e-008
				,0
				,0
				,1
				,0
				,0
				,1
				,0
				,0
				,1
				,0
				,0
				,1
				,2.38419e-007
				,1
				,2.68221e-007
				,2.38419e-007
				,1
				,2.68221e-007
				,2.38419e-007
				,1
				,2.68221e-007
				,2.38419e-007
				,1
				,2.68221e-007
				,-1
				,2.23517e-007
				,-8.9407e-008
				,-1
				,2.23517e-007
				,-8.9407e-008
				,-1
				,2.23517e-007
				,-8.9407e-008
				,-1
				,2.23517e-007
				,-8.9407e-008
				,-3.12924e-007
				,-1
				,-1.78814e-007
				,-3.12924e-007
				,-1
				,-1.78814e-007
				,-3.12924e-007
				,-1
				,-1.78814e-007
				,-3.12924e-007
				,-1
				,-1.78814e-007
				,1
				,-3.12924e-007
				,8.94069e-008
				,1
				,-3.12924e-007
				,8.94069e-008
				,1
				,-3.12924e-007
				,8.94069e-008
				,1
				,-3.12924e-007
				,8.94069e-008
				,7.36321e-010
				,0
				,-1
				,7.36321e-010
				,0
				,-1
				,7.36321e-010
				,0
				,-1
				,7.36321e-010
				,0
				,-1
				,0
				,0
				,1
				,0
				,0
				,1
				,0
				,0
				,1
				,0
				,0
				,1
			]
			,